Subject,Performance
0,0.19839211032002024
1,0.41428489112125344
2,0.027715898314496612
3,0.05627103270567213
4,0.27079871696692148
5,0.93739232241039394
6,0.49069767020105493
7,0.24287893232441449
8,0.97942327679701313
9,0.3229346781148571
